{
  "accuracy": 0.6991666666666667,
  "precision": 0.7893967686282055,
  "recall": 0.6991666666666667,
  "f1_score": 0.7103353875571092,
  "n_samples": 1200,
  "n_failed": 0
}