Dataset,Image Type,Baseline Accuracy (%),CLIP Fusion Accuracy (%),Accuracy Improvement (%),Baseline Confidence (%),CLIP Confidence (%),Confidence Change (%)
Caltech,Cropped,68.30000000000001,73.5,5.199999999999994,86.86666666666665,96.5,9.633333333333349
Caltech,Full,58.099999999999994,57.99999999999999,-0.10000000000000009,84.0,95.39999999999999,11.399999999999999
Serengeti,Cropped,67.0,68.75,1.749999999999996,88.77777777777779,96.69444444444446,7.916666666666671
Serengeti,Full,66.41666666666667,65.25,-1.1666666666666714,86.5,96.05555555555556,9.55555555555556
Wcs,Cropped,58.199999999999996,60.699999999999996,2.500000000000002,88.06666666666666,96.8,8.733333333333338
Wcs,Full,72.1,76.4,4.300000000000004,87.83333333333333,95.66666666666667,7.833333333333348
