Dataset,Image Type,Baseline Accuracy (%),CLIP Fusion Accuracy (%),Accuracy Improvement (%),Baseline Confidence (%),CLIP Confidence (%),Confidence Change (%)
Caltech,Cropped,68.30000000000001,70.5,2.199999999999991,86.86666666666665,91.0,4.133333333333356
Caltech,Full,58.099999999999994,59.699999999999996,1.6000000000000014,84.0,87.53333333333333,3.5333333333333328
Serengeti,Cropped,67.0,66.83333333333333,-0.16666666666667052,88.77777777777779,91.0,2.2222222222222143
Serengeti,Full,66.41666666666667,66.75,0.33333333333332993,86.5,89.61111111111111,3.11111111111112
Wcs,Cropped,58.199999999999996,58.4,0.20000000000000018,88.06666666666666,92.0,3.9333333333333442
Wcs,Full,72.1,71.7,-0.40000000000000036,87.83333333333333,92.4,4.566666666666674
